id,name,price,stock,imagePath,color,author,category,publisher,description
b001,book01,150.0,44,data/image/b01.png,,,,,
b002,book02,165.0,58,data/image/b02.png,#E57373,,,,
b003,มุมมองนักอ่านพระเจ้า เล่ม 3 (พิมพ์ใหม่),265.5,12,data/image/b03.jpg,,,,,
b004,ทิพย์ไตรตาล The Miracle of Three Worlds,265.5,12,data/image/b04.jpg,,,,,
b005,ให้รักส่องนำใจ,417.05,10,data/image/b05.jpg,,,,,
b006,ALCHEMISED อัลคีไมสต์,945.25,6,,,,,,
b007,บ้านวิกล เล่ม 1 (Mg),165.25,30,,,,,,
b008,ทุกโลดาน The Vow of Death เล่ม 2 (เล่มจบ),388.55,10,,,,,,
b009,111,10000.0,1103,,,111,อีแมกกาซีน,11,
