orderId,memberId,date,productId,productName,qty,subtotal
O01,m01,2026-09-23,b01,book01,1,150.0
O1791439519265,m01,2026-10-08,b01,book01,1,150.0
O1791439888385,m01,2026-10-08,b01,book01,1,150.0
O1791439888385,m01,2026-10-08,b02,book02,1,165.0
O1791439888385,m01,2026-10-08,b03,มุมมองนักอ่านพระเจ้า เล่ม 3 (พิมพ์ใหม่),1,265.5
O1791439888385,m01,2026-10-08,b04,ทิพย์ไตรตาล The Miracle of Three Worlds,1,265.5
O1791439888385,m01,2026-10-08,b05,ให้รักส่องนำใจ,1,417.05
O1791439888385,m01,2026-10-08,b06,ALCHEMISED อัลคีไมสต์,1,945.25
O1791439993928,m02,2026-10-08,b03,มุมมองนักอ่านพระเจ้า เล่ม 3 (พิมพ์ใหม่),2,531.0
O1791440327362,m03,2026-10-08,b01,book01,1,150.0
O1791440327362,m03,2026-10-08,b02,book02,1,165.0
O1791440327362,m03,2026-10-08,b03,มุมมองนักอ่านพระเจ้า เล่ม 3 (พิมพ์ใหม่),2,531.0
O1791440327362,m03,2026-10-08,b04,ทิพย์ไตรตาล The Miracle of Three Worlds,1,265.5
O1791440327362,m03,2026-10-08,b05,ให้รักส่องนำใจ,1,417.05
O1791440327362,m03,2026-10-08,b06,ALCHEMISED อัลคีไมสต์,1,945.25
